{
    "variants": {
        "facing=up":    { "model": "oe:coral/yellow_coral_fan_dead"},
        "facing=down":  { "model": "oe:coral/yellow_coral_fan_dead", "x": 180 },
        "facing=east":  { "model": "oe:coral/yellow_coral_fan_wall_dead", "y": 90 },
        "facing=west":  { "model": "oe:coral/yellow_coral_fan_wall_dead", "y": 270 },
        "facing=south": { "model": "oe:coral/yellow_coral_fan_wall_dead", "y": 180 },
        "facing=north": { "model": "oe:coral/yellow_coral_fan_wall_dead"}
    }
}
